commit,prefill(token/sec),decode(token/sec),description
f5689c8043,613.955,48.9975,baseline
6366f31178,614.876,50.7529,default MatMulNBits N-tile swizzle in groups of 4
2e6f31a008,615.281,50.8542,default MatMulNBits N-tile swizzle in groups of 8
aadff7e6ba,615.455,51.0543,default MatMulNBits N-tile swizzle in groups of 16
stashed,614.004,49.6973,default MatMulNBits N-tile swizzle in groups of 32
stashed,613.787,49.7473,default MatMulNBits group16 rotate by 2
stashed,615.382,50.8033,default MatMulNBits group16 reverse rotation
stashed,615.499,50.4529,default MatMulNBits group16 rotate by 8
stashed,615.456,50.6914,default MatMulNBits group16 rotate by 4
